Id,OrderId,ItemId
836483e2-ae27-431b-adbb-651005902b67,6b33a73f-b671-4f23-88dd-50d71b818523,b0829b0f-7f47-465b-bde3-29134040d7cd
a452d7f5-b249-48f7-8798-f750da7ae80e,45c0fcf8-85a5-4f8d-8f90-db3287387872,eb59139e-167b-4f67-a4fc-a62a9a198670
e8e561f1-887a-4839-937d-2e34977349b0,85d26ebb-9d38-4433-8253-04afe157f793,99125a51-c025-42ee-9d0f-b24c0ebc067f
e71fc4fe-11aa-4d32-8a39-fe960d9c500a,bd673bb7-dd47-4a71-80a1-6fe063c50d5a,b0829b0f-7f47-465b-bde3-29134040d7cd
63f406f0-d9bc-4673-9e5e-86945efe76a3,85d26ebb-9d38-4433-8253-04afe157f793,903a5751-c660-4f37-ab38-2d20760a96ba
9707791d-6372-4a5b-a429-7430da0d8cd9,bd673bb7-dd47-4a71-80a1-6fe063c50d5a,c3442304-b133-4813-931a-8e3dc1a22bdc
894dac76-6c2a-46af-b1f2-984272f37953,676f1176-0731-4268-a0e6-31451bbea6a3,99125a51-c025-42ee-9d0f-b24c0ebc067f
7611b9bd-f81d-4d55-8ecb-b4ec4bc65329,bd673bb7-dd47-4a71-80a1-6fe063c50d5a,b0829b0f-7f47-465b-bde3-29134040d7cd
b661813d-97b3-4960-a343-3be4604e09c8,45c0fcf8-85a5-4f8d-8f90-db3287387872,b0829b0f-7f47-465b-bde3-29134040d7cd
d16a1054-dc80-44d4-956d-ffbc92fe7893,7b0465cc-3d27-4aed-ae2e-5d325e978b9c,c3442304-b133-4813-931a-8e3dc1a22bdc
